SET NOCOUNT ONSET IDENTITY_INSERT dbo.Datasets ON
INSERT INTO [dbo].[Datasets] (DatasetId, DatasetName, DatasetView, DatasetActive, EnteredBy, EnteredTime, UpdatedBy, UpdatedTime) VALUES ( 1 , N'All Patients' , NULL , 1 , N'Caisis_System' , CAST(0x000093f600f4fec0 AS DateTime) , N'Caisis_System' , CAST(0x000093f600f4fec0 AS DateTime) )
INSERT INTO [dbo].[Datasets] (DatasetId, DatasetName, DatasetView, DatasetActive, EnteredBy, EnteredTime, UpdatedBy, UpdatedTime) VALUES ( 2 , N'ACME Patients' , NULL , 1 , N'Caisis_System' , CAST(0x000093f600f54510 AS DateTime) , N'Caisis_System' , CAST(0x000093f600f54510 AS DateTime) )

SET IDENTITY_INSERT dbo.Datasets OFF
SET IDENTITY_INSERT dbo.Users ON
INSERT INTO [dbo].[Users] (UserId, UserName, UserPassword, UserFirstName, UserLastName, UserEmail, UserEmployeeId, EnteredBy, EnteredTime, UpdatedBy, UpdatedTime, DeactivatedTime) VALUES ( 1 , N'Admin' , N'5F4DCC3B5AA765D61D8327DEB882CF99' , NULL , NULL , NULL , NULL , N'Caisis_System' , CAST(0x0000929a00d3c098 AS DateTime) , N'Caisis_System' , CAST(0x0000948501287c7d AS DateTime) , NULL )

SET IDENTITY_INSERT dbo.Users OFF
SET IDENTITY_INSERT dbo.Roles ON
INSERT INTO [dbo].[Roles] (RoleId, Role, RoleDescription, EnteredBy, EnteredTime, UpdatedBy, UpdatedTime, DeactivatedTime) VALUES ( 1 , N'Physician' , N'Attendings, Fellows, and Residents, who have privileges to view data, edit data, delete data, add/delete patients, and add/edit narratives.' , N'Caisis_System' , CAST(0x000092a500bd0894 AS DateTime) , N'Caisis_System' , CAST(0x0000948900d337b6 AS DateTime) , NULL )
INSERT INTO [dbo].[Roles] (RoleId, Role, RoleDescription, EnteredBy, EnteredTime, UpdatedBy, UpdatedTime, DeactivatedTime) VALUES ( 2 , N'Nurse' , N'Registered nurses and nurse practitioners with privileges to view data, edit data, delete data, and add patients.' , N'Caisis_System' , CAST(0x000092a500bd0894 AS DateTime) , N'Caisis_System' , CAST(0x0000948900d673d3 AS DateTime) , NULL )
INSERT INTO [dbo].[Roles] (RoleId, Role, RoleDescription, EnteredBy, EnteredTime, UpdatedBy, UpdatedTime, DeactivatedTime) VALUES ( 3 , N'RSA' , N'Research Study Assistants or data entry staff with privileges to view data, edit data, delete data, and add patients.' , N'Caisis_System' , CAST(0x000092a500bd0894 AS DateTime) , N'Caisis_System' , CAST(0x0000948900d6a5d4 AS DateTime) , NULL )
INSERT INTO [dbo].[Roles] (RoleId, Role, RoleDescription, EnteredBy, EnteredTime, UpdatedBy, UpdatedTime, DeactivatedTime) VALUES ( 4 , N'PhysicianAssistant' , N'Physician Assistants with privileges to view data, edit data, delete data, add patients, and add/edit narratives.' , N'Caisis_System' , CAST(0x000092a500bd0894 AS DateTime) , N'Caisis_System' , CAST(0x0000948900d07883 AS DateTime) , NULL )
INSERT INTO [dbo].[Roles] (RoleId, Role, RoleDescription, EnteredBy, EnteredTime, UpdatedBy, UpdatedTime, DeactivatedTime) VALUES ( 5 , N'DataManager' , N'Data Managers with privileges to view data, edit data, delete data, unlock records, and add/delete patients.' , N'Caisis_System' , CAST(0x000094510104cd3c AS DateTime) , N'Caisis_System' , CAST(0x0000948900d0e9bd AS DateTime) , NULL )
INSERT INTO [dbo].[Roles] (RoleId, Role, RoleDescription, EnteredBy, EnteredTime, UpdatedBy, UpdatedTime, DeactivatedTime) VALUES ( 7 , N'SystemAdministrator' , N'Manage application users and have all permissions. Should be only role with EditSecurity permission and therefore access to this admin utility. ' , N'Caisis_System' , CAST(0x000092a500bd0894 AS DateTime) , N'Caisis_System' , CAST(0x0000948900f1838d AS DateTime) , NULL )
INSERT INTO [dbo].[Roles] (RoleId, Role, RoleDescription, EnteredBy, EnteredTime, UpdatedBy, UpdatedTime, DeactivatedTime) VALUES ( 8 , N'SessionAssistant' , N'Session Assistants, Physician Office Assistants, and other administrative staff who only have access to patient lists and printing forms.' , N'Caisis_System' , CAST(0x000093a50104cd3c AS DateTime) , N'Caisis_System' , CAST(0x0000948900d6f90f AS DateTime) , NULL )

SET IDENTITY_INSERT dbo.Roles OFF
SET IDENTITY_INSERT dbo.Groups ON
INSERT INTO [dbo].[Groups] (RoleId, GroupId, GroupName, GroupDescription, GroupAccessCode, EnteredBy, EnteredTime, UpdatedBy, UpdatedTime, DeactivatedTime) VALUES ( 1 , 1 , N'ACMEPatient_Physicians' , N'Physicians that have access to all ACME patients' , N'PATIENT LISTS,PATIENT DATA,PAPER FORMS,EFORMS' , N'Caisis_System' , CAST(0x000092a500bd0894 AS DateTime) , N'Caisis_System' , CAST(0x0000948900f03007 AS DateTime) , NULL )
INSERT INTO [dbo].[Groups] (RoleId, GroupId, GroupName, GroupDescription, GroupAccessCode, EnteredBy, EnteredTime, UpdatedBy, UpdatedTime, DeactivatedTime) VALUES ( 2 , 2 , N'ACMEPatient_Nurses' , N'Nurses that have access to ACME patients' , N'PATIENT LISTS,PATIENT DATA,PAPER FORMS,EFORMS' , N'Caisis_System' , CAST(0x0000948900f2108a AS DateTime) , N'Caisis_System' , CAST(0x0000948900f8f7e3 AS DateTime) , NULL )
INSERT INTO [dbo].[Groups] (RoleId, GroupId, GroupName, GroupDescription, GroupAccessCode, EnteredBy, EnteredTime, UpdatedBy, UpdatedTime, DeactivatedTime) VALUES ( 3 , 3 , N'ACMEPatients_RSAs' , N'Research Study Assistants that have access to all ACME institution patients' , N'PATIENT LISTS,PATIENT DATA,PAPER FORMS,EFORMS' , N'Caisis_System' , CAST(0x0000948900f8ec6c AS DateTime) , N'Caisis_System' , CAST(0x0000948900f8ec6c AS DateTime) , NULL )
INSERT INTO [dbo].[Groups] (RoleId, GroupId, GroupName, GroupDescription, GroupAccessCode, EnteredBy, EnteredTime, UpdatedBy, UpdatedTime, DeactivatedTime) VALUES ( 5 , 5 , N'ACMEPatients_DataManagers' , N'Data Managers that have access to all ACME patients' , N'PATIENT LISTS,PATIENT DATA,PAPER FORMS,EFORMS' , N'Caisis_System' , CAST(0x000092a500bd0894 AS DateTime) , N'Caisis_System' , CAST(0x0000948900f3e82e AS DateTime) , NULL )
INSERT INTO [dbo].[Groups] (RoleId, GroupId, GroupName, GroupDescription, GroupAccessCode, EnteredBy, EnteredTime, UpdatedBy, UpdatedTime, DeactivatedTime) VALUES ( 7 , 7 , N'SystemAdministrators' , N'System Administrators' , N'PATIENT LISTS,PATIENT DATA,PAPER FORMS,EFORMS,DATA ANALYSIS,PROTOCOL MANAGEMENT,SPECIMEN MANAGEMENT,PATIENT EDUCATION,PROJECT MANAGEMENT' , N'Caisis_System' , CAST(0x000092a500bd0894 AS DateTime) , NULL , NULL , NULL )

SET IDENTITY_INSERT dbo.Groups OFF
SET IDENTITY_INSERT dbo.Permissions ON
INSERT INTO [dbo].[Permissions] (PermissionId, Permission, PermissionDescription, EnteredBy, EnteredTime, UpdatedBy, UpdatedTime, DeactivatedTime) VALUES ( 1 , N'ViewData' , N'View patient data' , N'Caisis_System' , CAST(0x000093ec00bd0894 AS DateTime) , NULL , NULL , NULL )
INSERT INTO [dbo].[Permissions] (PermissionId, Permission, PermissionDescription, EnteredBy, EnteredTime, UpdatedBy, UpdatedTime, DeactivatedTime) VALUES ( 2 , N'EditData' , N'Add new records, Edit unlocked or personally locked patient data records' , N'Caisis_System' , CAST(0x000093ec00bd0894 AS DateTime) , NULL , NULL , NULL )
INSERT INTO [dbo].[Permissions] (PermissionId, Permission, PermissionDescription, EnteredBy, EnteredTime, UpdatedBy, UpdatedTime, DeactivatedTime) VALUES ( 3 , N'DeleteData' , N'Delete unlocked or personally locked patient data records' , N'Caisis_System' , CAST(0x000093ec00bd0894 AS DateTime) , NULL , NULL , NULL )
INSERT INTO [dbo].[Permissions] (PermissionId, Permission, PermissionDescription, EnteredBy, EnteredTime, UpdatedBy, UpdatedTime, DeactivatedTime) VALUES ( 4 , N'UnlockData' , N'Unlock any patient data records' , N'Caisis_System' , CAST(0x0000945100bd0894 AS DateTime) , NULL , NULL , NULL )
INSERT INTO [dbo].[Permissions] (PermissionId, Permission, PermissionDescription, EnteredBy, EnteredTime, UpdatedBy, UpdatedTime, DeactivatedTime) VALUES ( 5 , N'AddPatient' , N'Add patient record' , N'Caisis_System' , CAST(0x0000945100bd0894 AS DateTime) , NULL , NULL , NULL )
INSERT INTO [dbo].[Permissions] (PermissionId, Permission, PermissionDescription, EnteredBy, EnteredTime, UpdatedBy, UpdatedTime, DeactivatedTime) VALUES ( 6 , N'DeletePatient' , N'Delete entire patient record' , N'Caisis_System' , CAST(0x0000945100bd0894 AS DateTime) , NULL , NULL , NULL )
INSERT INTO [dbo].[Permissions] (PermissionId, Permission, PermissionDescription, EnteredBy, EnteredTime, UpdatedBy, UpdatedTime, DeactivatedTime) VALUES ( 7 , N'EditNarrative' , N'Edit narrative field' , N'Caisis_System' , CAST(0x000092a500bd0894 AS DateTime) , NULL , NULL , NULL )
INSERT INTO [dbo].[Permissions] (PermissionId, Permission, PermissionDescription, EnteredBy, EnteredTime, UpdatedBy, UpdatedTime, DeactivatedTime) VALUES ( 8 , N'EditSecurity' , N'Edit security data' , N'Caisis_System' , CAST(0x0000945100bd0894 AS DateTime) , NULL , NULL , NULL )
INSERT INTO [dbo].[Permissions] (PermissionId, Permission, PermissionDescription, EnteredBy, EnteredTime, UpdatedBy, UpdatedTime, DeactivatedTime) VALUES ( 9 , N'InitiateEForm' , N'Initiate an electronic form' , N'Caisis_System' , CAST(0x0000968e00e0e233 AS DateTime) , NULL , NULL , NULL )
INSERT INTO [dbo].[Permissions] (PermissionId, Permission, PermissionDescription, EnteredBy, EnteredTime, UpdatedBy, UpdatedTime, DeactivatedTime) VALUES ( 10 , N'EditEForm' , N'Edit data on an electronic form' , N'Caisis_System' , CAST(0x0000968e00e0e238 AS DateTime) , NULL , NULL , NULL )
INSERT INTO [dbo].[Permissions] (PermissionId, Permission, PermissionDescription, EnteredBy, EnteredTime, UpdatedBy, UpdatedTime, DeactivatedTime) VALUES ( 11 , N'ApproveEForm' , N'Finalize and Approve and electronic form. Approving migrates data to tables' , N'Caisis_System' , CAST(0x0000968e00e0e238 AS DateTime) , NULL , NULL , NULL )
INSERT INTO [dbo].[Permissions] (PermissionId, Permission, PermissionDescription, EnteredBy, EnteredTime, UpdatedBy, UpdatedTime, DeactivatedTime) VALUES ( 12 , N'EditProtocolSchema' , N'Create and edit protocol schemas using in the protocol management tool' , N'Caisis_System' , CAST(0x0000968e00e0e238 AS DateTime) , NULL , NULL , NULL )
INSERT INTO [dbo].[Permissions] (PermissionId, Permission, PermissionDescription, EnteredBy, EnteredTime, UpdatedBy, UpdatedTime, DeactivatedTime) VALUES ( 13 , N'ViewPatientIdentifiers' , N'No access to patient clinical data' , N'Caisis_System' , CAST(0x00009b1800000000 AS DateTime) , N'Caisis_System' , CAST(0x00009cfa00000000 AS DateTime) , NULL )
INSERT INTO [dbo].[Permissions] (PermissionId, Permission, PermissionDescription, EnteredBy, EnteredTime, UpdatedBy, UpdatedTime, DeactivatedTime) VALUES ( 14 , N'PatientEdAdmin' , N'Admin patient ed materials' , N'Caisis_System' , CAST(0x00009b1800000000 AS DateTime) , NULL , NULL , NULL )
INSERT INTO [dbo].[Permissions] (PermissionId, Permission, PermissionDescription, EnteredBy, EnteredTime, UpdatedBy, UpdatedTime, DeactivatedTime) VALUES ( 15 , N'AdminProject' , N'Administer a project within the Project Management Module' , N'Caisis_System' , CAST(0x00009b5a00000000 AS DateTime) , NULL , NULL , NULL )
INSERT INTO [dbo].[Permissions] (PermissionId, Permission, PermissionDescription, EnteredBy, EnteredTime, UpdatedBy, UpdatedTime, DeactivatedTime) VALUES ( 16 , N'AdminProjectModule' , N'Administer project management module and all projects within module' , N'Caisis_System' , CAST(0x00009b5a00000000 AS DateTime) , NULL , NULL , NULL )
INSERT INTO [dbo].[Permissions] (PermissionId, Permission, PermissionDescription, EnteredBy, EnteredTime, UpdatedBy, UpdatedTime, DeactivatedTime) VALUES ( 17 , N'UpdateProject' , N'User assigned to a Project within Project Management module' , N'Caisis_System' , CAST(0x00009b5a00000000 AS DateTime) , NULL , NULL , NULL )
INSERT INTO [dbo].[Permissions] (PermissionId, Permission, PermissionDescription, EnteredBy, EnteredTime, UpdatedBy, UpdatedTime, DeactivatedTime) VALUES ( 18 , N'ExportData' , N'Permission to export data from the system' , N'Caisis_System' , CAST(0x00009d0600000000 AS DateTime) , NULL , NULL , NULL )

SET IDENTITY_INSERT dbo.Permissions OFF
SET IDENTITY_INSERT dbo.UserGroups ON
INSERT INTO [dbo].[UserGroups] (UserId, GroupId, UserGroupId, EnteredBy, EnteredTime, UpdatedBy, UpdatedTime, DeactivatedTime) VALUES ( 1 , 7 , 1 , N'Caisis_System' , CAST(0x0000938000b38ecc AS DateTime) , NULL , NULL , NULL )

SET IDENTITY_INSERT dbo.UserGroups OFF
SET IDENTITY_INSERT dbo.RolePermissions ON
INSERT INTO [dbo].[RolePermissions] (RoleId, PermissionId, RolePermissionId, EnteredBy, EnteredTime, UpdatedBy, UpdatedTime, DeactivatedTime) VALUES ( 1 , 1 , 1 , N'Caisis_System' , CAST(0x0000948900d337c2 AS DateTime) , N'Caisis_System' , CAST(0x0000948900d337c2 AS DateTime) , NULL )
INSERT INTO [dbo].[RolePermissions] (RoleId, PermissionId, RolePermissionId, EnteredBy, EnteredTime, UpdatedBy, UpdatedTime, DeactivatedTime) VALUES ( 1 , 2 , 2 , N'Caisis_System' , CAST(0x0000948900d337c8 AS DateTime) , N'Caisis_System' , CAST(0x0000948900d337c8 AS DateTime) , NULL )
INSERT INTO [dbo].[RolePermissions] (RoleId, PermissionId, RolePermissionId, EnteredBy, EnteredTime, UpdatedBy, UpdatedTime, DeactivatedTime) VALUES ( 1 , 3 , 3 , N'Caisis_System' , CAST(0x0000948900d337cb AS DateTime) , N'Caisis_System' , CAST(0x0000948900d337cb AS DateTime) , NULL )
INSERT INTO [dbo].[RolePermissions] (RoleId, PermissionId, RolePermissionId, EnteredBy, EnteredTime, UpdatedBy, UpdatedTime, DeactivatedTime) VALUES ( 1 , 5 , 4 , N'Caisis_System' , CAST(0x0000948900d337d1 AS DateTime) , N'Caisis_System' , CAST(0x0000948900d337d1 AS DateTime) , NULL )
INSERT INTO [dbo].[RolePermissions] (RoleId, PermissionId, RolePermissionId, EnteredBy, EnteredTime, UpdatedBy, UpdatedTime, DeactivatedTime) VALUES ( 1 , 6 , 5 , N'Caisis_System' , CAST(0x0000948900d337d7 AS DateTime) , N'Caisis_System' , CAST(0x0000948900d337d7 AS DateTime) , NULL )
INSERT INTO [dbo].[RolePermissions] (RoleId, PermissionId, RolePermissionId, EnteredBy, EnteredTime, UpdatedBy, UpdatedTime, DeactivatedTime) VALUES ( 1 , 7 , 6 , N'Caisis_System' , CAST(0x0000948900d337da AS DateTime) , N'Caisis_System' , CAST(0x0000948900d337da AS DateTime) , NULL )
INSERT INTO [dbo].[RolePermissions] (RoleId, PermissionId, RolePermissionId, EnteredBy, EnteredTime, UpdatedBy, UpdatedTime, DeactivatedTime) VALUES ( 2 , 1 , 7 , N'Caisis_System' , CAST(0x0000948900d673e8 AS DateTime) , N'Caisis_System' , CAST(0x0000948900d673e8 AS DateTime) , NULL )
INSERT INTO [dbo].[RolePermissions] (RoleId, PermissionId, RolePermissionId, EnteredBy, EnteredTime, UpdatedBy, UpdatedTime, DeactivatedTime) VALUES ( 2 , 2 , 8 , N'Caisis_System' , CAST(0x0000948900d673ee AS DateTime) , N'Caisis_System' , CAST(0x0000948900d673ee AS DateTime) , NULL )
INSERT INTO [dbo].[RolePermissions] (RoleId, PermissionId, RolePermissionId, EnteredBy, EnteredTime, UpdatedBy, UpdatedTime, DeactivatedTime) VALUES ( 2 , 3 , 9 , N'Caisis_System' , CAST(0x0000948900d673f4 AS DateTime) , N'Caisis_System' , CAST(0x0000948900d673f4 AS DateTime) , NULL )
INSERT INTO [dbo].[RolePermissions] (RoleId, PermissionId, RolePermissionId, EnteredBy, EnteredTime, UpdatedBy, UpdatedTime, DeactivatedTime) VALUES ( 2 , 5 , 10 , N'Caisis_System' , CAST(0x0000948900d673f7 AS DateTime) , N'Caisis_System' , CAST(0x0000948900d673f7 AS DateTime) , NULL )
INSERT INTO [dbo].[RolePermissions] (RoleId, PermissionId, RolePermissionId, EnteredBy, EnteredTime, UpdatedBy, UpdatedTime, DeactivatedTime) VALUES ( 3 , 1 , 11 , N'Caisis_System' , CAST(0x0000948900d6a5e6 AS DateTime) , N'Caisis_System' , CAST(0x0000948900d6a5e6 AS DateTime) , NULL )
INSERT INTO [dbo].[RolePermissions] (RoleId, PermissionId, RolePermissionId, EnteredBy, EnteredTime, UpdatedBy, UpdatedTime, DeactivatedTime) VALUES ( 3 , 2 , 12 , N'Caisis_System' , CAST(0x0000948900d6a5ec AS DateTime) , N'Caisis_System' , CAST(0x0000948900d6a5ec AS DateTime) , NULL )
INSERT INTO [dbo].[RolePermissions] (RoleId, PermissionId, RolePermissionId, EnteredBy, EnteredTime, UpdatedBy, UpdatedTime, DeactivatedTime) VALUES ( 3 , 3 , 13 , N'Caisis_System' , CAST(0x0000948900d6a5ef AS DateTime) , N'Caisis_System' , CAST(0x0000948900d6a5ef AS DateTime) , NULL )
INSERT INTO [dbo].[RolePermissions] (RoleId, PermissionId, RolePermissionId, EnteredBy, EnteredTime, UpdatedBy, UpdatedTime, DeactivatedTime) VALUES ( 3 , 5 , 14 , N'Caisis_System' , CAST(0x0000948900d6a5f5 AS DateTime) , N'Caisis_System' , CAST(0x0000948900d6a5f5 AS DateTime) , NULL )
INSERT INTO [dbo].[RolePermissions] (RoleId, PermissionId, RolePermissionId, EnteredBy, EnteredTime, UpdatedBy, UpdatedTime, DeactivatedTime) VALUES ( 4 , 1 , 15 , N'Caisis_System' , CAST(0x0000948900d07892 AS DateTime) , N'Caisis_System' , CAST(0x0000948900d07892 AS DateTime) , NULL )
INSERT INTO [dbo].[RolePermissions] (RoleId, PermissionId, RolePermissionId, EnteredBy, EnteredTime, UpdatedBy, UpdatedTime, DeactivatedTime) VALUES ( 4 , 2 , 16 , N'Caisis_System' , CAST(0x0000948900d07895 AS DateTime) , N'Caisis_System' , CAST(0x0000948900d07895 AS DateTime) , NULL )
INSERT INTO [dbo].[RolePermissions] (RoleId, PermissionId, RolePermissionId, EnteredBy, EnteredTime, UpdatedBy, UpdatedTime, DeactivatedTime) VALUES ( 4 , 3 , 17 , N'Caisis_System' , CAST(0x0000948900d0789b AS DateTime) , N'Caisis_System' , CAST(0x0000948900d0789b AS DateTime) , NULL )
INSERT INTO [dbo].[RolePermissions] (RoleId, PermissionId, RolePermissionId, EnteredBy, EnteredTime, UpdatedBy, UpdatedTime, DeactivatedTime) VALUES ( 4 , 5 , 18 , N'Caisis_System' , CAST(0x0000948900d078a4 AS DateTime) , N'Caisis_System' , CAST(0x0000948900d078a4 AS DateTime) , NULL )
INSERT INTO [dbo].[RolePermissions] (RoleId, PermissionId, RolePermissionId, EnteredBy, EnteredTime, UpdatedBy, UpdatedTime, DeactivatedTime) VALUES ( 4 , 7 , 19 , N'Caisis_System' , CAST(0x0000948900d078a7 AS DateTime) , N'Caisis_System' , CAST(0x0000948900d078a7 AS DateTime) , NULL )
INSERT INTO [dbo].[RolePermissions] (RoleId, PermissionId, RolePermissionId, EnteredBy, EnteredTime, UpdatedBy, UpdatedTime, DeactivatedTime) VALUES ( 5 , 1 , 20 , N'Caisis_System' , CAST(0x0000948900d0e9cc AS DateTime) , N'Caisis_System' , CAST(0x0000948900d0e9cc AS DateTime) , NULL )
INSERT INTO [dbo].[RolePermissions] (RoleId, PermissionId, RolePermissionId, EnteredBy, EnteredTime, UpdatedBy, UpdatedTime, DeactivatedTime) VALUES ( 5 , 2 , 21 , N'Caisis_System' , CAST(0x0000948900d0e9cf AS DateTime) , N'Caisis_System' , CAST(0x0000948900d0e9cf AS DateTime) , NULL )
INSERT INTO [dbo].[RolePermissions] (RoleId, PermissionId, RolePermissionId, EnteredBy, EnteredTime, UpdatedBy, UpdatedTime, DeactivatedTime) VALUES ( 5 , 3 , 22 , N'Caisis_System' , CAST(0x0000948900d0e9d5 AS DateTime) , N'Caisis_System' , CAST(0x0000948900d0e9d5 AS DateTime) , NULL )
INSERT INTO [dbo].[RolePermissions] (RoleId, PermissionId, RolePermissionId, EnteredBy, EnteredTime, UpdatedBy, UpdatedTime, DeactivatedTime) VALUES ( 5 , 4 , 23 , N'Caisis_System' , CAST(0x0000948900d0e9db AS DateTime) , N'Caisis_System' , CAST(0x0000948900d0e9db AS DateTime) , NULL )
INSERT INTO [dbo].[RolePermissions] (RoleId, PermissionId, RolePermissionId, EnteredBy, EnteredTime, UpdatedBy, UpdatedTime, DeactivatedTime) VALUES ( 5 , 5 , 24 , N'Caisis_System' , CAST(0x0000948900d0e9de AS DateTime) , N'Caisis_System' , CAST(0x0000948900d0e9de AS DateTime) , NULL )
INSERT INTO [dbo].[RolePermissions] (RoleId, PermissionId, RolePermissionId, EnteredBy, EnteredTime, UpdatedBy, UpdatedTime, DeactivatedTime) VALUES ( 5 , 6 , 25 , N'Caisis_System' , CAST(0x0000948900d0e9e4 AS DateTime) , N'Caisis_System' , CAST(0x0000948900d0e9e4 AS DateTime) , NULL )
INSERT INTO [dbo].[RolePermissions] (RoleId, PermissionId, RolePermissionId, EnteredBy, EnteredTime, UpdatedBy, UpdatedTime, DeactivatedTime) VALUES ( 7 , 1 , 26 , N'Caisis_System' , CAST(0x0000948900f183a5 AS DateTime) , N'Caisis_System' , CAST(0x0000948900f183a5 AS DateTime) , NULL )
INSERT INTO [dbo].[RolePermissions] (RoleId, PermissionId, RolePermissionId, EnteredBy, EnteredTime, UpdatedBy, UpdatedTime, DeactivatedTime) VALUES ( 7 , 2 , 27 , N'Caisis_System' , CAST(0x0000948900f183ab AS DateTime) , N'Caisis_System' , CAST(0x0000948900f183ab AS DateTime) , NULL )
INSERT INTO [dbo].[RolePermissions] (RoleId, PermissionId, RolePermissionId, EnteredBy, EnteredTime, UpdatedBy, UpdatedTime, DeactivatedTime) VALUES ( 7 , 3 , 28 , N'Caisis_System' , CAST(0x0000948900f183b1 AS DateTime) , N'Caisis_System' , CAST(0x0000948900f183b1 AS DateTime) , NULL )
INSERT INTO [dbo].[RolePermissions] (RoleId, PermissionId, RolePermissionId, EnteredBy, EnteredTime, UpdatedBy, UpdatedTime, DeactivatedTime) VALUES ( 7 , 4 , 29 , N'Caisis_System' , CAST(0x0000948900f183b4 AS DateTime) , N'Caisis_System' , CAST(0x0000948900f183b4 AS DateTime) , NULL )
INSERT INTO [dbo].[RolePermissions] (RoleId, PermissionId, RolePermissionId, EnteredBy, EnteredTime, UpdatedBy, UpdatedTime, DeactivatedTime) VALUES ( 7 , 5 , 30 , N'Caisis_System' , CAST(0x0000948900f183ba AS DateTime) , N'Caisis_System' , CAST(0x0000948900f183ba AS DateTime) , NULL )
INSERT INTO [dbo].[RolePermissions] (RoleId, PermissionId, RolePermissionId, EnteredBy, EnteredTime, UpdatedBy, UpdatedTime, DeactivatedTime) VALUES ( 7 , 6 , 31 , N'Caisis_System' , CAST(0x0000948900f183c0 AS DateTime) , N'Caisis_System' , CAST(0x0000948900f183c0 AS DateTime) , NULL )
INSERT INTO [dbo].[RolePermissions] (RoleId, PermissionId, RolePermissionId, EnteredBy, EnteredTime, UpdatedBy, UpdatedTime, DeactivatedTime) VALUES ( 7 , 7 , 32 , N'Caisis_System' , CAST(0x0000948900f183c6 AS DateTime) , N'Caisis_System' , CAST(0x0000948900f183c6 AS DateTime) , NULL )
INSERT INTO [dbo].[RolePermissions] (RoleId, PermissionId, RolePermissionId, EnteredBy, EnteredTime, UpdatedBy, UpdatedTime, DeactivatedTime) VALUES ( 7 , 8 , 33 , N'Caisis_System' , CAST(0x0000948900f183c9 AS DateTime) , N'Caisis_System' , CAST(0x0000948900f183c9 AS DateTime) , NULL )
INSERT INTO [dbo].[RolePermissions] (RoleId, PermissionId, RolePermissionId, EnteredBy, EnteredTime, UpdatedBy, UpdatedTime, DeactivatedTime) VALUES ( 7 , 9 , 34 , N'Caisis_System' , CAST(0x00009bb601563e1b AS DateTime) , N'Caisis_System' , CAST(0x00009bb601563e1b AS DateTime) , NULL )
INSERT INTO [dbo].[RolePermissions] (RoleId, PermissionId, RolePermissionId, EnteredBy, EnteredTime, UpdatedBy, UpdatedTime, DeactivatedTime) VALUES ( 7 , 10 , 35 , N'Caisis_System' , CAST(0x00009bb601563e1b AS DateTime) , N'Caisis_System' , CAST(0x00009bb601563e1b AS DateTime) , NULL )
INSERT INTO [dbo].[RolePermissions] (RoleId, PermissionId, RolePermissionId, EnteredBy, EnteredTime, UpdatedBy, UpdatedTime, DeactivatedTime) VALUES ( 7 , 11 , 36 , N'Caisis_System' , CAST(0x00009bb601563e1b AS DateTime) , N'Caisis_System' , CAST(0x00009bb601563e1b AS DateTime) , NULL )
INSERT INTO [dbo].[RolePermissions] (RoleId, PermissionId, RolePermissionId, EnteredBy, EnteredTime, UpdatedBy, UpdatedTime, DeactivatedTime) VALUES ( 7 , 12 , 37 , N'Caisis_System' , CAST(0x00009bb601563e1b AS DateTime) , N'Caisis_System' , CAST(0x00009bb601563e1b AS DateTime) , NULL )
INSERT INTO [dbo].[RolePermissions] (RoleId, PermissionId, RolePermissionId, EnteredBy, EnteredTime, UpdatedBy, UpdatedTime, DeactivatedTime) VALUES ( 7 , 14 , 38 , N'Caisis_System' , CAST(0x00009bb601563e1b AS DateTime) , N'Caisis_System' , CAST(0x00009bb601563e1b AS DateTime) , NULL )
INSERT INTO [dbo].[RolePermissions] (RoleId, PermissionId, RolePermissionId, EnteredBy, EnteredTime, UpdatedBy, UpdatedTime, DeactivatedTime) VALUES ( 7 , 15 , 39 , N'Caisis_System' , CAST(0x00009bb601563e1b AS DateTime) , N'Caisis_System' , CAST(0x00009bb601563e1b AS DateTime) , NULL )
INSERT INTO [dbo].[RolePermissions] (RoleId, PermissionId, RolePermissionId, EnteredBy, EnteredTime, UpdatedBy, UpdatedTime, DeactivatedTime) VALUES ( 7 , 16 , 40 , N'Caisis_System' , CAST(0x00009bb601563e1b AS DateTime) , N'Caisis_System' , CAST(0x00009bb601563e1b AS DateTime) , NULL )
INSERT INTO [dbo].[RolePermissions] (RoleId, PermissionId, RolePermissionId, EnteredBy, EnteredTime, UpdatedBy, UpdatedTime, DeactivatedTime) VALUES ( 7 , 17 , 41 , N'Caisis_System' , CAST(0x00009bb601563e20 AS DateTime) , N'Caisis_System' , CAST(0x00009bb601563e20 AS DateTime) , NULL )
INSERT INTO [dbo].[RolePermissions] (RoleId, PermissionId, RolePermissionId, EnteredBy, EnteredTime, UpdatedBy, UpdatedTime, DeactivatedTime) VALUES ( 7 , 13 , 42 , N'Caisis_System' , CAST(0x00009d06014584c1 AS DateTime) , NULL , NULL , NULL )
INSERT INTO [dbo].[RolePermissions] (RoleId, PermissionId, RolePermissionId, EnteredBy, EnteredTime, UpdatedBy, UpdatedTime, DeactivatedTime) VALUES ( 7 , 18 , 43 , N'Caisis_System' , CAST(0x00009d06014584c6 AS DateTime) , NULL , NULL , NULL )
INSERT INTO [dbo].[RolePermissions] (RoleId, PermissionId, RolePermissionId, EnteredBy, EnteredTime, UpdatedBy, UpdatedTime, DeactivatedTime) VALUES ( 1 , 9 , 44 , N'Caisis_System' , CAST(0x0000948900d337c2 AS DateTime) , NULL , NULL , NULL )
INSERT INTO [dbo].[RolePermissions] (RoleId, PermissionId, RolePermissionId, EnteredBy, EnteredTime, UpdatedBy, UpdatedTime, DeactivatedTime) VALUES ( 1 , 10 , 45 , N'Caisis_System' , CAST(0x0000948900d337c2 AS DateTime) , NULL , NULL , NULL )
INSERT INTO [dbo].[RolePermissions] (RoleId, PermissionId, RolePermissionId, EnteredBy, EnteredTime, UpdatedBy, UpdatedTime, DeactivatedTime) VALUES ( 1 , 11 , 46 , N'Caisis_System' , CAST(0x0000948900d337c2 AS DateTime) , NULL , NULL , NULL )
INSERT INTO [dbo].[RolePermissions] (RoleId, PermissionId, RolePermissionId, EnteredBy, EnteredTime, UpdatedBy, UpdatedTime, DeactivatedTime) VALUES ( 1 , 13 , 47 , N'Caisis_System' , CAST(0x0000948900d337c2 AS DateTime) , NULL , NULL , NULL )
INSERT INTO [dbo].[RolePermissions] (RoleId, PermissionId, RolePermissionId, EnteredBy, EnteredTime, UpdatedBy, UpdatedTime, DeactivatedTime) VALUES ( 1 , 18 , 48 , N'Caisis_System' , CAST(0x0000948900d337c2 AS DateTime) , NULL , NULL , NULL )
INSERT INTO [dbo].[RolePermissions] (RoleId, PermissionId, RolePermissionId, EnteredBy, EnteredTime, UpdatedBy, UpdatedTime, DeactivatedTime) VALUES ( 1 , 4 , 49 , N'Caisis_System' , CAST(0x0000948900d337c2 AS DateTime) , NULL , NULL , NULL )
INSERT INTO [dbo].[RolePermissions] (RoleId, PermissionId, RolePermissionId, EnteredBy, EnteredTime, UpdatedBy, UpdatedTime, DeactivatedTime) VALUES ( 2 , 13 , 50 , N'Caisis_System' , CAST(0x0000948900d337c2 AS DateTime) , NULL , NULL , NULL )INSERT INTO [dbo].[RolePermissions] (RoleId, PermissionId, RolePermissionId, EnteredBy, EnteredTime, UpdatedBy, UpdatedTime, DeactivatedTime) VALUES ( 3 , 13 , 51 , N'Caisis_System' , CAST(0x0000948900d337c2 AS DateTime) , NULL , NULL , NULL )INSERT INTO [dbo].[RolePermissions] (RoleId, PermissionId, RolePermissionId, EnteredBy, EnteredTime, UpdatedBy, UpdatedTime, DeactivatedTime) VALUES ( 5 , 13 , 52 , N'Caisis_System' , CAST(0x0000948900d337c2 AS DateTime) , NULL , NULL , NULL )

SET IDENTITY_INSERT dbo.RolePermissions OFF
SET IDENTITY_INSERT dbo.GroupDatasets ON
INSERT INTO [dbo].[GroupDatasets] (GroupId, DatasetId, GroupDatasetId, EnteredBy, EnteredTime, UpdatedBy, UpdatedTime, DeactivatedTime) VALUES ( 7 , 1 , 1 , N'Caisis_System' , CAST(0x0000945100f4fec0 AS DateTime) , NULL , NULL , NULL )

SET IDENTITY_INSERT dbo.GroupDatasets OFF
